From,To,Genre,Content,ContentJa
1Exposition,Rising,Adventure,"Eric left his village to find the legendary treasure that could protect his home. Battling hunger and fatigue, he wandered through a storm before collapsing in the wilderness. A wise hermit rescued him and gave him an ancient map that promised to guide him to his goal.","エリックは村を守るために伝説の宝を探しに旅立った。嵐の中で空腹と疲労と戦い、荒野で倒れ込んだ。賢者が彼を助け、目標に導く古代の地図を渡した。"
Rising,Climax,Adventure,"With the map in hand, Eric crossed treacherous terrains and solved puzzles guarding the treasure's location. Along the way, he faced wild beasts and barely survived. Finally, he stood before the treasure cave, only to find it guarded by a massive dragon.","地図を手にしたエリックは、険しい地形を越え、宝の位置を守る仕掛けを解いた。道中で野獣と戦い、辛くも生き延びた。ついに彼は宝の洞窟の前に立つが、巨大なドラゴンに守られていた。"
Climax,Falling,Adventure,"Eric confronted the dragon, using both his wits and the tricks he learned from the hermit. After a fierce battle, the dragon yielded and allowed Eric to pass. Though victorious, Eric discovered that the treasure wasn’t what he had expected—it was a test of character.","エリックはドラゴンに立ち向かい、賢者から学んだ知恵や技を駆使した。激しい戦いの末、ドラゴンは彼を通すことを許した。勝利したものの、宝は予想外のものであり、それは人間性を試すものであった。"
Falling,Resolution,Adventure,"Returning to his village, Eric shared the treasure’s lesson with his people, inspiring them to work together. The unity he brought back proved more valuable than gold. The villagers rebuilt their lives, and Eric became a hero not for wealth, but for his wisdom.","村に戻ったエリックは、宝が教えてくれた教訓を人々に伝え、協力する大切さを教えた。彼が持ち帰った団結は金以上に価値のあるものだった。村人たちは生活を再建し、エリックは富ではなく知恵で英雄となった。"
Exposition,Rising,Romance,"Anna, a young artist, met Lucas, a novelist, at a gallery. Their shared passion for art drew them together, and they began spending time discussing their creative works. Gradually, Anna sensed a hidden sadness in Lucas and grew curious about his past.","若き芸術家アンナは、画廊で小説家ルーカスと出会った。芸術への共通の情熱が二人を惹きつけ、創作について語り合うようになった。次第に、アンナはルーカスの中に秘められた悲しみを感じ、彼の過去に興味を持つようになった。"
Rising,Climax,Romance,"Lucas revealed his pain: years ago, he lost a loved one in a tragic accident. His confession shook their growing bond, leaving Anna unsure of how to respond. However, she decided to help him rediscover hope through her art.","ルーカスは、数年前に愛する人を悲劇的な事故で失ったことを告白した。この告白は、二人の絆を揺るがし、アンナはどう反応すべきか迷った。しかし、彼女は彼に芸術を通じて希望を再発見させることを決意した。"
Climax,Falling,Romance,"Together, they collaborated on a project that symbolized healing and renewal. Lucas began to open up more, and their shared work became an anchor for his recovery. The tension eased, and their connection deepened.","二人は癒しと再生を象徴するプロジェクトに取り組んだ。ルーカスは心を開き始め、共通の作品が彼の回復の支えとなった。緊張は和らぎ、二人の絆は深まった。"
Falling,Resolution,Romance,"Their collaboration culminated in a gallery exhibit that celebrated both their talents and resilience. Standing together, they realized their partnership was more than professional—it was love. From that moment, they embraced a future filled with creativity and affection.","二人の協力は、才能と回復力を祝う画廊展示で結実した。一緒に立つ彼らは、関係が単なる仕事以上のものであると気付いた。それは愛だった。その瞬間から、二人は創造性と愛情に満ちた未来を受け入れた。"
Exposition,Rising,Horror,"A group of friends ventured into an abandoned hospital rumored to be haunted. The air was cold, and faint whispers echoed through the halls. Determined to uncover the truth, they pressed deeper into the building despite their growing unease.","友人たちのグループは、幽霊が出ると噂される廃病院に足を踏み入れた。空気は冷たく、廊下にはかすかなささやき声が響いた。真相を明らかにするために、彼らは不安を抱えながらも建物の奥へ進んだ。"
Rising,Climax,Horror,"Suddenly, one of the friends disappeared, leaving the others in panic. As they searched, doors slammed shut, and shadows flickered on the walls. In the heart of the hospital, they encountered a malevolent entity that seemed to feed on their fear.","突然、友人の一人が姿を消し、残ったメンバーはパニックに陥った。探している最中、ドアが激しく閉まり、影が壁に揺れた。病院の奥で、彼らは恐怖を糧にする悪意ある存在に遭遇した。"
Climax,Falling,Horror,"The group devised a plan to distract the entity and escape. Sacrificing their fear for bravery, they used light and noise to confuse the spirit. Though one member sustained injuries, they managed to break free of the hospital’s grip.","グループは、存在を混乱させて脱出する計画を立てた。恐怖を勇気に変えて、光や音で霊を混乱させた。一人が負傷したものの、彼らは廃病院の支配から逃げ出すことに成功した。"
Falling,Resolution,Horror,"Safe outside, they vowed never to return, but the experience bonded them in unexpected ways. Later, they learned the hospital’s dark history, finally understanding the spirit’s tragic origins. It was a story they would never forget.","無事外に出た彼らは、二度と戻らないと誓ったが、その経験は予想外の形で彼らを結びつけた。その後、彼らは病院の暗い歴史を知り、霊の悲劇的な起源を理解した。それは忘れられない物語となった。"
Exposition,Rising,Romance,"A shy artist meets a charismatic stranger at an art gallery.","内気な画家がアートギャラリーでカリスマ的な人物と出会う。"
Rising,Climax,Romance,"The artist reveals a painful past, bringing them closer together.","画家が辛い過去を明かし、2人の距離が縮まる。"
Climax,Resolution,Romance,"A shared project rekindles their passion for art and love.","共同プロジェクトが芸術と愛への情熱を再燃させる。"
Exposition,Rising,Adventure,"A seasoned explorer finds an ancient map hinting at hidden treasure.","経験豊富な探検家が隠された宝を示す古地図を発見する。"
Rising,Climax,Adventure,"The explorer braves a dangerous jungle, facing numerous trials.", "探検家が危険なジャングルで数々の試練に挑む。
Climax,Resolution,Adventure,"The treasure is recovered, bringing newfound fame and self-discovery.", "宝物を手に入れ、新たな名声と自己発見を得る。"
Exposition,Rising,Horror,"A young couple moves into an old house with a dark history.", "若いカップルが暗い歴史を持つ古い家に引っ越す。"
Rising,Climax,Horror,"Strange occurrences escalate, revealing the house’s vengeful spirit.", "奇妙な出来事が激化し、家の復讐に燃える霊が現れる。"
Climax,Resolution,Horror,"The couple confronts the spirit, breaking its hold over the house.", "カップルが霊と対峙し、家への呪縛を解く。"
Exposition,Rising,Adventure,"Lena, a young cartographer, set out on a voyage to map an uncharted island rumored to hold unimaginable secrets. She faced fierce ocean storms and navigated treacherous waters, but the promise of discovery kept her going. Eventually, she found the island, but it was more dangerous and mysterious than she had imagined.",
Rising,Climax,Adventure,"On the island, Lena encountered strange creatures and unraveled ancient clues hidden in cryptic ruins. The island itself seemed alive, testing her every step. Finally, she reached the heart of the island, where an immense crystal pulsed with strange energy. But guarding it was a creature that blended with the island’s very essence.",
Climax,Falling,Adventure,"Lena fought the creature, using her wits and the knowledge she gained from the ruins. After an intense battle, she managed to outsmart it, causing the creature to dissolve into the crystal. With the crystal now free, Lena realized that the island’s secret was not a treasure, but the knowledge of an ancient civilization lost to time.",
Falling,Resolution,Adventure,"Returning home, Lena shared her findings with the world, revolutionizing the study of ancient civilizations. Her discovery wasn't gold or riches, but a treasure of knowledge that would change history forever. Lena became a renowned scholar, known not for the wealth she could have gained, but for her intellect and curiosity.",
Exposition,Rising,Romance,"Sophie, a shy artist, moved to a small seaside town to escape the hustle of city life. She spent her days painting the waves and sunsets, keeping to herself. One evening, she met Adam, a charming local writer, who was immediately drawn to her quiet beauty and gentle spirit. They began to talk, and soon their friendship blossomed into something deeper.",
Rising,Climax,Romance,"As they spent more time together, Sophie and Adam shared their dreams, fears, and insecurities. Sophie revealed her struggles with self-doubt and her fear of never being good enough, while Adam opened up about his past heartbreak. Their bond grew stronger, and they eventually confessed their love for each other. But just as they found happiness, Sophie received an offer for a prestigious art exhibition in the city, which meant leaving Adam behind.",
Climax,Falling,Romance,"Sophie struggled with the decision, torn between her career and her love for Adam. The night before she was supposed to leave, Adam took her to the beach, where they first met. Under the starlit sky, they shared a passionate kiss, realizing that their love for each other was stronger than any distance. Sophie chose to stay, deciding that love was worth more than success.",
Falling,Resolution,Romance,"Sophie chose to build a life with Adam in the small town, where they continued to support each other's dreams. Sophie’s art flourished as she found inspiration in the love they shared, and Adam wrote a best-selling novel based on their story. Together, they created a life filled with love, trust, and mutual respect, proving that sometimes, love is the greatest success of all.",
Exposition,Rising,Adventure,"Ethan, a young blacksmith, heard of an enchanted sword hidden in the mountains, capable of granting the wielder immense power. Desperate to protect his homeland from invaders, he embarked on a perilous journey. Along the way, he faced extreme weather and the wilderness, pushing himself to the brink of exhaustion.",
Rising,Climax,Adventure,"Ethan crossed mountains and endured bitter cold, but his determination never wavered. Finally, he reached the hidden temple where the sword was said to lie, only to find it protected by a series of magical trials. Each trial was more difficult than the last, and Ethan barely passed them, relying on his strength and wit.",
Climax,Falling,Adventure,"At the final trial, Ethan faced a powerful spirit who challenged his true intentions. After a battle of will, the spirit saw that Ethan sought the sword not for power, but to protect his people. Impressed, the spirit allowed him to claim the sword. However, Ethan soon realized that the sword’s power was not to be wielded easily—it demanded a heavy cost.",
Falling,Resolution,Adventure,"Ethan returned home with the sword, but he chose to keep its power hidden. Instead of ruling with fear, he used the knowledge he gained to unite his people and inspire them to fight for their freedom. He became a true hero, known not for the sword he carried, but for his leadership and the sacrifices he made.",
Exposition,Rising,Romance,"Lily, a bookshop owner, lived a quiet life surrounded by stories, but she longed for her own adventure. One fateful evening, she met James, a mysterious traveler who had come to town to write a book about forgotten legends. Intrigued by his passion for stories and his deep curiosity about life, Lily found herself drawn to him.",
Rising,Climax,Romance,"As Lily and James spent more time together, they shared their dreams and desires. James spoke of his travels and the stories he had collected from around the world, while Lily expressed her desire to break free from the confines of her small town. Their connection deepened, and soon, they shared their first kiss, realizing that they had found something rare and beautiful. But James’ time in the town was limited, and the thought of parting soon weighed heavily on them both.",
Climax,Falling,Romance,"The night before James was to leave, Lily confessed her feelings, telling him that she didn’t want him to go. James, torn between his love for her and his need to continue his journey, hesitated. But Lily made a bold decision—she would leave with him. Together, they would find their adventure, writing their own story as they went.",
Falling,Resolution,Romance,"Lily and James left the town together, setting off on a journey to explore the world and the stories it held. Their love grew as they experienced new places, met new people, and created memories. They never stopped writing their story, knowing that together, they had found the greatest adventure of all.",
Exposition,Rising,Adventure,"Arno, a young man from a humble village, inherits an old map that leads to the lost city of Elara. Although the map has been passed down through generations, Arno has no idea of its significance. One day, an adventurer visits the village, explaining that the map's location is real and asking for Arno's help to uncover the secrets of Elara. Initially skeptical, Arno decides to join the adventurer, and together they set off toward the city, crossing dangerous forests and uncovering ancient ruins.","アルノは平凡な村の青年で、父親から受け継いだ古びた地図を持っていた。その地図には、失われた都市「エララ」の場所が示されており、何世代にもわたって家族はその秘密を守ってきた。しかし、アルノにはその地図が何を意味するのか、全く分からなかった。ある日、村を訪れた冒険者がアルノに話しかけ、地図が示す場所が本当に存在することを証明するために協力をお願いされた。アルノは最初は半信半疑だったが、冒険者の熱意に押され、彼と共にエララを目指す冒険に出ることを決心する。二人は危険な森を抜け、謎めいた遺跡へと向かう。"
Rising,Climax,Adventure,"Arno and the adventurer finally reach the entrance to Elara, but it is sealed by a massive stone. The legend says that the seal can only be broken by passing specific trials. The two of them work together, solving ancient puzzles to unlock the secrets hidden within the city. The final trial is a life-threatening duel, and Arno faces his fears and wins the battle. The seal is broken, and the door to Elara opens.","アルノと冒険者はついにエララの入り口にたどり着くが、その場所は巨大な岩で封印されていた。伝説によれば、この封印を解くためには、特定の条件を満たす試練をクリアしなければならない。二人は協力し、古代の謎を解きながら試練に挑む。最終的な試練は、命をかけた決闘だった。アルノは自分の過去と向き合いながら、冒険者とともに最後の試練に挑む。試練の中でアルノは自分の恐怖心と対峙し、勇気を振り絞って勝利を掴む。封印が解かれ、ついにエララの都市の扉が開かれた。"
Climax,Falling,Adventure,"When the secrets of Elara are revealed, Arno and the adventurer discover that the city holds immense power. This power, however, also awakens a deadly creature that was sealed away by the city's ancient inhabitants. The two must now fight to protect the city and its secrets. Despite their efforts, the creature proves to be too strong, and one of the adventurer's companions is killed in the battle. Arno is left with a choice that will determine the fate of the city.","エララの力が目の前に現れると、アルノたちはその力の暴走に驚愕する。その力は、かつてエララの住人たちが封印したはずの恐ろしい魔物を呼び覚ました。魔物は、エララの崩壊を招いた元凶であり、その復活により全てが危険にさらされる。アルノは力を封じる方法を探し続けるが、次第に魔物の力に圧倒され、仲間のひとりが犠牲になる。絶望的な状況の中、アルノは最後の選択を迫られる。その選択が彼にどのような結末をもたらすのか、彼はまだ知らない。"
Falling,Resolution,Adventure,"Arno chooses to sacrifice himself to seal the creature's power, using an ancient spell passed down through his family. He successfully contains the power, but at the cost of his life. The adventurer and the others honor his bravery and vow to protect the secrets of Elara. The city is once again at peace, and its power remains sealed, waiting for another generation to uncover its mysteries.","アルノは、自らを犠牲にして魔物の力を封じ込める方法を発見する。祖父が残した古代の魔法によって、魔物の力を一時的に封印することができる。しかし、そのためにはレオの命を犠牲にしなければならない。レオは自分の命を使って魔物を封じ、エララの力を再び抑え込むことに成功する。その犠牲により、魔物は再び封印され、エララは静けさを取り戻す。仲間たちは、レオの勇気を称え、彼の名を永遠に記憶することを誓う。"
Resolution,Exposition,Adventure,"Generations later, Elara's secrets remain hidden, but the legend of Arno's sacrifice is told to every new generation. A new young adventurer, Leo, inherits an old map from his father. The map leads to the long-forgotten city, and Leo, driven by the stories of the past, decides to follow it. Little does he know, Elara still holds mysteries that could change the course of history once again.","レオの伝説は村に語り継がれ、エララの地は再び静寂に包まれた。失われた都市の力は永遠に封じ込められ、後世にその存在を知らしめる者は少なくなった。時は流れ、新たな世代の青年が再び村に生まれ、古びた地図を手にする。その地図には、かつての英雄レオの冒険と、エララの秘密が示されていた。新たな冒険者がこの地図を見つけ、再びエララの秘密を求めて旅立つことになる。その先に何が待ち受けているのか、誰にもわからない。再び物語の幕が開けようとしていた。"
Exposition,Rising,Adventure,"A small fishing village is struck by a series of unexplained events—people begin to vanish without a trace. An unlikely hero, a young fisherman named Cole, discovers that the village is built on the edge of an ancient forest, home to a mythical creature that has awakened. Despite his fear, Cole decides to venture into the forest to find answers and save his village.","小さな漁村で、一連の謎の出来事が発生し始める。村人が忽然と姿を消し、何の痕跡も残さずに消えていくのだ。漁師のコールという青年が、村の外れに広がる古代の森に住む神話の生物が目覚めたことに気づく。コールは恐れながらも、村を救うため、森の中へと足を踏み入れることを決意する。"
Rising,Climax,Adventure,"In the heart of the ancient forest, Cole encounters the creature that has been terrorizing the village. It is a massive, serpentine being with the ability to control the weather. After a fierce battle, Cole learns that the creature is not evil but was simply protecting its domain. They come to an understanding, and Cole vows to protect the creature and the village from future harm.","古代の森の中心で、コールは村を恐怖に陥れていた生物と対面する。それは天候を操る力を持つ巨大な蛇のような存在だった。激しい戦いの末、コールはその生物が悪意を持っているわけではなく、ただ自分の領域を守っていただけだと理解する。コールはその生物と和解し、これからも村を守り続けることを誓う。"
Climax,Falling,Adventure,"Cole's understanding with the creature is put to the test when a group of hunters arrives in the village, seeking to capture the creature for profit. Cole must now defend the creature and its home, risking his life to protect both. With the help of the creature, Cole successfully drives off the hunters, but not without scars. He returns to the village as a hero, having saved it from destruction.","コールは生物との理解を深めるが、村に現れた狩人たちがその生物を捕まえ、利益を得ようとする。コールはその生物と森を守るために戦い、命を賭けて村を守る。生物の力を借りて、コールは狩人たちを追い払い、村は救われる。しかし、コールは傷を負い、英雄として村に帰還する。"
Falling,Resolution,Adventure,"In the aftermath of the battle, the village begins to rebuild. The people no longer fear the creature, and Cole is celebrated as a hero. He remains in the village, watching over it as its protector. The ancient forest and its creature remain a part of the village's heritage, and Cole ensures that future generations will respect and protect the balance between the two.","戦いが終わった後、村は再建され始める。村人たちはもはやその生物を恐れなくなり、コールは英雄として祝われる。コールは村に留まり、守護者として村を見守り続ける。古代の森とその生物は村の遺産として残り、コールは次世代が二者のバランスを尊重し、守り続けるよう努める。"